,,,,,,,,,,,,,,,,,,,,,,,,,,,,,,,,,,,,,,,,,,,,,,,,,,,,,,,,,,,,,,,,,,,,,,,,,
,,,,,,,,,,,,,,,,,,,,,,,,,,,,,,,,,,,,,,,,,,,,,,,,,,,,,,,,,,,,,,,,,,,,,,,,,
,,,,,,,,,,,,,,,,,,,,,,,,,,,,,,,,,,,,,,,,,,,,,,,,,,,,,,,,,,,,,,,,,,,,,,,,,
Project link,Project Name,Project ID,Last Updated,Cashflow Details,Planned/Actual,Jan-00,Jun-24,Jul-24,Aug-24,Sep-24,Oct-24,Nov-24,Dec-24,Jan-25,Feb-25,Mar-25,Apr-25,May-25,Jun-25,Jul-25,Aug-25,Sep-25,Oct-25,Nov-25,Dec-25,Jan-26,Feb-26,Mar-26,Apr-26,May-26,Jun-26,Jul-26,Aug-26,Sep-26,Oct-26,Nov-26,Dec-26,Jan-27,Feb-27,Mar-27,Apr-27,May-27,Jun-27,Jul-27,Aug-27,Sep-27,Oct-27,Nov-27,Dec-27,Jan-28,Feb-28,Mar-28,Apr-28,May-28,Jun-28,Jul-28,Aug-28,Sep-28,Oct-28,Nov-28,Dec-28,Jan-29,Feb-29,Mar-29,Apr-29,May-29,Jun-29,Jul-29,Aug-29,Sep-29,Oct-29,Nov-29,Dec-29
,,,,,,$0.00,,,,,,,,,,,,,,,,,,,,,,,,,,,,,,,,,,,,,,,,,,,,,,,,,,,,,,,,,,,,,,,,,,,
D10904 - Cashflow Summary,FGRS Construction,D10904,2026-09-07 16:12,Total Cash Receipts,Planned,$0.00,$0.00,$0.00,$0.00,$0.00,$0.00,$0.00,$0.00,$0.00,$0.00,$0.00,$0.00,$0.00,$0.00,$0.00,$0.00,"$1,522,712.25",$0.00,$0.00,$0.00,$0.00,$0.00,$0.00,"$1,691,902.50","$5,075,707.50","$3,045,424.50","$3,045,424.50",$0.00,"$845,951.25","$1,691,902.50",$0.00,$0.00,$0.00,$0.00,$0.00,$0.00,$0.00,$0.00,$0.00,$0.00,$0.00,$0.00,$0.00,$0.00,$0.00,$0.00,$0.00,$0.00,$0.00,$0.00,$0.00,$0.00,$0.00,"$890,475.00",$0.00,$0.00,$0.00,$0.00,$0.00,$0.00,$0.00,$0.00,$0.00,$0.00,$0.00,$0.00,$0.00,$0.00
,FGRS Construction,D10904,2026-09-07 16:12,Total Cash Payments,Planned,$0.00,$0.00,$0.00,$0.00,$0.00,$0.00,$0.00,$0.00,$0.00,$0.00,$0.00,$0.00,$0.00,$0.00,"$952,770.00","$550,000.00","$295,260.00","$328,432.50","$428,432.50","$28,432.50","$428,432.50","$28,432.50","$1,191,152.51","$53,280.93","$1,476,300.00","$1,265,400.00","$1,687,200.00",$0.00,"$843,600.00","$1,191,075.00","$867,552.68",$0.00,$0.00,$0.00,$0.00,$0.00,$0.00,$0.00,$0.00,$0.00,$0.00,$0.00,$0.00,$0.00,$0.00,$0.00,$0.00,$0.00,$0.00,$0.00,$0.00,$0.00,$0.00,$0.00,$0.00,$0.00,$0.00,$0.00,$0.00,$0.00,$0.00,$0.00,$0.00,$0.00,$0.00,$0.00,$0.00,$0.00
,FGRS Construction,D10904,2026-09-07 16:12,Total Cash Receipts,Actual,$0.00,$2.00,$0.00,$0.00,$0.00,$0.00,$0.00,$0.00,$0.00,$0.00,$0.00,$0.00,$0.00,$0.00,$0.00,$0.00,$0.00,$0.00,"$1,516,680.00",$0.00,$0.00,$0.00,$0.00,$0.00,$0.00,$0.00,$0.00,$0.00,$0.00,$0.00,$0.00,$0.00,$0.00,$0.00,$0.00,$0.00,$0.00,$0.00,$0.00,$0.00,$0.00,$0.00,$0.00,$0.00,$0.00,$0.00,$0.00,$0.00,$0.00,$0.00,$0.00,$0.00,$0.00,$0.00,$0.00,$0.00,$0.00,$0.00,$0.00,$0.00,$0.00,$0.00,$0.00,$0.00,$0.00,$0.00,$0.00,$0.00
,FGRS Construction,D10904,2026-09-07 16:12,Total Cash Payments,Actual,$0.00,$0.00,$0.00,$0.00,$0.00,$0.00,$0.00,$0.00,$0.00,$0.00,$0.00,$0.00,$0.00,$0.00,"$932,700.00","$220,070.00","$350,000.00","$295,260.00",$0.00,$0.00,$0.00,$0.00,$0.00,$0.00,$0.00,$0.00,$0.00,$0.00,$0.00,$0.00,$0.00,$0.00,$0.00,$0.00,$0.00,$0.00,$0.00,$0.00,$0.00,$0.00,$0.00,$0.00,$0.00,$0.00,$0.00,$0.00,$0.00,$0.00,$0.00,$0.00,$0.00,$0.00,$0.00,$0.00,$0.00,$0.00,$0.00,$0.00,$0.00,$0.00,$0.00,$0.00,$0.00,$0.00,$0.00,$0.00,$0.00,$0.00
D9939 - Cashflow Summary,Supply Of Power Transformer,D9939,2026-09-07 17:49,Total Cash Receipts,Planned,$0.00,$0.00,$0.00,$0.00,$0.00,$0.00,$0.00,$0.00,$0.00,$0.00,"$4,607,094.06","$3,839,245.05",$0.00,$0.00,$0.00,$0.00,$0.00,$0.00,$0.00,$0.00,$0.00,$0.00,$0.00,$0.00,$0.00,$0.00,$0.00,$0.00,"$2,303,547.03","$3,839,245.05","$738,734.19","$434,549.53",$0.00,$0.00,$0.00,$0.00,$0.00,$0.00,$0.00,$0.00,$0.00,$0.00,$0.00,$0.00,$0.00,$0.00,$0.00,$0.00,$0.00,$0.00,$0.00,$0.00,$0.00,$0.00,$0.00,$0.00,$0.00,$0.00,$0.00,$0.00,$0.00,$0.00,$0.00,$0.00,$0.00,"$434,549.53",$0.00,$0.00
,Supply Of Power Transformer,D9939,2026-09-07 17:49,Total Cash Payments,Planned,$0.00,$0.00,"$521,097.68",$0.00,$0.00,$0.00,$0.00,$0.00,$0.00,$0.00,"$1,042,195.37",$0.00,$0.00,$0.00,"$3,647,683.78",$0.00,$0.00,$0.00,$0.00,$0.00,$0.00,$0.00,$0.00,$0.00,$0.00,$0.00,"$3,647,683.78",$0.00,$0.00,"$1,563,293.05",$0.00,$0.00,$0.00,$0.00,$0.00,$0.00,$0.00,$0.00,$0.00,$0.00,$0.00,$0.00,$0.00,$0.00,$0.00,$0.00,$0.00,$0.00,$0.00,$0.00,$0.00,$0.00,$0.00,$0.00,$0.00,$0.00,$0.00,$0.00,$0.00,$0.00,$0.00,$0.00,$0.00,$0.00,$0.00,$0.00,$0.00,$0.00
,Supply Of Power Transformer,D9939,2026-09-07 17:49,Total Cash Receipts,Actual,$0.00,$0.00,$0.00,$0.00,$0.00,$0.00,$0.00,$0.00,$0.00,$0.00,$0.00,$0.00,$0.00,$0.00,$0.00,$0.00,$0.00,$0.00,$0.00,$0.00,$0.00,$0.00,$0.00,$0.00,$0.00,$0.00,$0.00,$0.00,$0.00,$0.00,$0.00,$0.00,$0.00,$0.00,$0.00,$0.00,$0.00,$0.00,$0.00,$0.00,$0.00,$0.00,$0.00,$0.00,$0.00,$0.00,$0.00,$0.00,$0.00,$0.00,$0.00,$0.00,$0.00,$0.00,$0.00,$0.00,$0.00,$0.00,$0.00,$0.00,$0.00,$0.00,$0.00,$0.00,$0.00,$0.00,$0.00,$0.00
,Supply Of Power Transformer,D9939,2026-09-07 17:49,Total Cash Payments,Actual,$0.00,$0.00,$0.00,$0.00,$0.00,$0.00,$0.00,$0.00,$0.00,$0.00,$0.00,$0.00,$0.00,$0.00,$0.00,$0.00,$0.00,$0.00,$0.00,$0.00,$0.00,$0.00,$0.00,$0.00,$0.00,$0.00,$0.00,$0.00,$0.00,$0.00,$0.00,$0.00,$0.00,$0.00,$0.00,$0.00,$0.00,$0.00,$0.00,$0.00,$0.00,$0.00,$0.00,$0.00,$0.00,$0.00,$0.00,$0.00,$0.00,$0.00,$0.00,$0.00,$0.00,$0.00,$0.00,$0.00,$0.00,$0.00,$0.00,$0.00,$0.00,$0.00,$0.00,$0.00,$0.00,$0.00,$0.00,$0.00
,,,,Net Cash Flows,Planned,$0.00,$0.00,"-$521,097.68",$0.00,$0.00,$0.00,$0.00,$0.00,$0.00,$0.00,"$3,564,898.70","$3,839,245.05",$0.00,$0.00,"-$4,600,453.78","-$550,000.00","$1,227,452.25","-$328,432.50","-$428,432.50","-$28,432.50","-$428,432.50","-$28,432.50","-$1,191,152.51","$1,638,621.57","$3,599,407.50","$1,780,024.50","-$2,289,459.28",$0.00,"$2,305,898.28","$2,776,779.50","-$128,818.49","$434,549.53",$0.00,$0.00,$0.00,$0.00,$0.00,$0.00,$0.00,$0.00,$0.00,$0.00,$0.00,$0.00,$0.00,$0.00,$0.00,$0.00,$0.00,$0.00,$0.00,$0.00,$0.00,"$890,475.00",$0.00,$0.00,$0.00,$0.00,$0.00,$0.00,$0.00,$0.00,$0.00,$0.00,$0.00,"$434,549.53",$0.00,$0.00
,,,,Cumulative Net Cash Flows,Planned,$0.00,$0.00,"-$521,097.68","-$521,097.68","-$521,097.68","-$521,097.68","-$521,097.68","-$521,097.68","-$521,097.68","-$521,097.68","$3,043,801.02","$6,883,046.07","$6,883,046.07","$6,883,046.07","$2,282,592.29","$1,732,592.29","$2,960,044.54","$2,631,612.04","$2,203,179.54","$2,174,747.04","$1,746,314.54","$1,717,882.04","$526,729.53","$2,165,351.10","$5,764,758.60","$7,544,783.10","$5,255,323.82","$5,255,323.82","$7,561,222.10","$10,338,001.60","$10,209,183.11","$10,643,732.64","$10,643,732.64","$10,643,732.64","$10,643,732.64","$10,643,732.64","$10,643,732.64","$10,643,732.64","$10,643,732.64","$10,643,732.64","$10,643,732.64","$10,643,732.64","$10,643,732.64","$10,643,732.64","$10,643,732.64","$10,643,732.64","$10,643,732.64","$10,643,732.64","$10,643,732.64","$10,643,732.64","$10,643,732.64","$10,643,732.64","$10,643,732.64","$11,534,207.64","$11,534,207.64","$11,534,207.64","$11,534,207.64","$11,534,207.64","$11,534,207.64","$11,534,207.64","$11,534,207.64","$11,534,207.64","$11,534,207.64","$11,534,207.64","$11,534,207.64","$11,968,757.16","$11,968,757.16","$11,968,757.16"
,,,,Net Cash Flows,Actual,$0.00,$2.00,$0.00,$0.00,$0.00,$0.00,$0.00,$0.00,$0.00,$0.00,$0.00,$0.00,$0.00,$0.00,"-$932,700.00","-$220,070.00","-$350,000.00","-$295,260.00","$1,516,680.00",$0.00,$0.00,$0.00,$0.00,$0.00,$0.00,$0.00,$0.00,$0.00,$0.00,$0.00,$0.00,$0.00,$0.00,$0.00,$0.00,$0.00,$0.00,$0.00,$0.00,$0.00,$0.00,$0.00,$0.00,$0.00,$0.00,$0.00,$0.00,$0.00,$0.00,$0.00,$0.00,$0.00,$0.00,$0.00,$0.00,$0.00,$0.00,$0.00,$0.00,$0.00,$0.00,$0.00,$0.00,$0.00,$0.00,$0.00,$0.00,$0.00
,,,,Cumulative Net Cash Flows,Actual,$0.00,$2.00,$2.00,$2.00,$2.00,$2.00,$2.00,$2.00,$2.00,$2.00,$2.00,$2.00,$2.00,$2.00,"-$932,698.00","-$1,152,768.00","-$1,502,768.00","-$1,798,028.00","-$281,348.00","-$281,348.00","-$281,348.00","-$281,348.00","-$281,348.00","-$281,348.00","-$281,348.00","-$281,348.00","-$281,348.00","-$281,348.00","-$281,348.00","-$281,348.00","-$281,348.00","-$281,348.00","-$281,348.00","-$281,348.00","-$281,348.00","-$281,348.00","-$281,348.00","-$281,348.00","-$281,348.00","-$281,348.00","-$281,348.00","-$281,348.00","-$281,348.00","-$281,348.00","-$281,348.00","-$281,348.00","-$281,348.00","-$281,348.00","-$281,348.00","-$281,348.00","-$281,348.00","-$281,348.00","-$281,348.00","-$281,348.00","-$281,348.00","-$281,348.00","-$281,348.00","-$281,348.00","-$281,348.00","-$281,348.00","-$281,348.00","-$281,348.00","-$281,348.00","-$281,348.00","-$281,348.00","-$281,348.00","-$281,348.00","-$281,348.00"
,,,,,,,,,,,,,,,,,,,,,,,,,,,,,,,,,,,,,,,,,,,,,,,,,,,,,,,,,,,,,,,,,,,,,,,,,
